{
    "silhouette_score": 0.24738086617788727,
    "calinski_harabasz_score": 2378.2221811902114,
    "davies_bouldin_score": 1.499748252107029
}